{
    "resources": [
        {
            "name": "images/imagenPrueba.png"
        },
        {
            "name": "controller/home.controller.js"
        },
        {
            "name": "model/models.js"
        },
        {
            "name": "manifest.json"
        },
        {
            "name": "Component.js"
        },
        {
            "name": "manifest-bundle.zip"
        },
        {
            "name": "Component-preload.js",
            "merged": true
        },
        {
            "name": "model/models-dbg.js",
            "isDebug": true
        },
        {
            "name": "controller/home-dbg.controller.js",
            "isDebug": true
        },
        {
            "name": "Component-dbg.js",
            "isDebug": true
        },
        {
            "name": "../../../sap-ui-version.json"
        },
        {
            "name": "view/home.view.xml"
        },
        {
            "name": "images/imgM3.jpeg"
        },
        {
            "name": "images/imgM2.jpeg"
        },
        {
            "name": "images/imgM1.jpeg"
        },
        {
            "name": "images/imgH3.jpeg"
        },
        {
            "name": "images/imgH2.jpeg"
        },
        {
            "name": "images/imgH1.jpeg"
        },
        {
            "name": "i18n/i18n.properties",
            "raw": "i18n/i18n.properties"
        },
        {
            "name": "css/style.css"
        },
        {
            "name": "index.html"
        }
    ]
}