{
  "css/style.css": 1599697124128,
  "model/formatter.js": 1599703326960,
  "model/models.js": 1599232520000,
  "manifest.json": 1599703665649,
  "controller/home.controller.js": 1599701188890,
  "Component.js": 1599591061000,
  "manifest-bundle.zip": 1599703663953,
  "Component-preload.js": 1599703665254,
  "model/formatter-dbg.js": 1599703326960,
  "model/models-dbg.js": 1599232520000,
  "controller/home-dbg.controller.js": 1599701188890,
  "Component-dbg.js": 1599591061000,
  "resources.json": 1599703665654,
  "view/home.view.xml": 1599703595922,
  "images/imgM3.jpeg": 1599671551000,
  "images/imgM2.jpeg": 1599697880156,
  "images/imgM1.jpeg": 1599671544000,
  "images/imgH3.jpg": 1599671496000,
  "images/imgH2.jpeg": 1599671489000,
  "images/imgH1.jpeg": 1599600699000,
  "images/imagenPrueba.png": 1599579779000,
  "i18n/i18n.properties": 1599232520000,
  "index.html": 1599232520000
}