{
  "images/imgH2.jpeg": 1599600722367,
  "controller/home.controller.js": 1599232520000,
  "model/models.js": 1599232520000,
  "manifest.json": 1599609467459,
  "Component.js": 1599591061107,
  "manifest-bundle.zip": 1599609466065,
  "Component-preload.js": 1599609467258,
  "model/models-dbg.js": 1599232520000,
  "controller/home-dbg.controller.js": 1599232520000,
  "Component-dbg.js": 1599591061107,
  "resources.json": 1599609467550,
  "view/home.view.xml": 1599605144142,
  "images/imgM3.jpeg": 1599600714987,
  "images/imgM2.jpeg": 1599600710639,
  "images/imgM1.jpeg": 1599600704339,
  "images/imgH3.jpeg": 1599600728619,
  "i18n/i18n.properties": 1599232520000,
  "images/imgH1.jpeg": 1599600699227,
  "images/imagenPrueba.png": 1599579779550,
  "css/style.css": 1599609233624,
  "index.html": 1599232520000
}