{
  "manifest.json": 1599250666606,
  "controller/home.controller.js": 1599232520116,
  "model/models.js": 1599232520120,
  "i18n/i18n.properties": 1599232520116,
  "Component.js": 1599248633215,
  "manifest-bundle.zip": 1599250665101,
  "Component-preload.js": 1599250666397,
  "model/models-dbg.js": 1599232520120,
  "controller/home-dbg.controller.js": 1599232520116,
  "Component-dbg.js": 1599248633215,
  "resources.json": 1599250666695,
  "view/home.view.xml": 1599247357213,
  "css/style.css": 1599242607748,
  "index.html": 1599232520120
}