{
  "images/imgH2.jpeg": 1599671489934,
  "model/formatter.js": 1599671519830,
  "model/models.js": 1599232520000,
  "manifest.json": 1599680800938,
  "controller/home.controller.js": 1599620722000,
  "Component.js": 1599591061000,
  "manifest-bundle.zip": 1599680799143,
  "Component-preload.js": 1599680800543,
  "model/formatter-dbg.js": 1599671519830,
  "model/models-dbg.js": 1599232520000,
  "controller/home-dbg.controller.js": 1599620722000,
  "Component-dbg.js": 1599591061000,
  "resources.json": 1599680800942,
  "view/home.view.xml": 1599680651525,
  "images/imgM3.jpeg": 1599671551510,
  "images/imgM2.jpeg": 1599670248583,
  "images/imgM1.jpeg": 1599671544454,
  "images/imgH3.jpg": 1599671496582,
  "i18n/i18n.properties": 1599232520000,
  "images/imgH1.jpeg": 1599600699000,
  "images/imagenPrueba.png": 1599579779000,
  "css/style.css": 1599621882000,
  "index.html": 1599232520000
}