{
  "i18n/i18n.properties": 1599664737254,
  "manifest.json": 1599668269256,
  "model/models.js": 1599664737258,
  "model/formatter.js": 1599668236335,
  "controller/home.controller.js": 1599664737254,
  "Component.js": 1599664737254,
  "manifest-bundle.zip": 1599668267554,
  "Component-preload.js": 1599668268862,
  "Component-dbg.js": 1599664737254,
  "model/formatter-dbg.js": 1599668236335,
  "controller/home-dbg.controller.js": 1599664737254,
  "model/models-dbg.js": 1599664737258,
  "resources.json": 1599668269260,
  "view/home.view.xml": 1599667334014,
  "images/imgM3.jpeg": 1599664737258,
  "images/imgM2.jpeg": 1599664737258,
  "images/imgM1.jpeg": 1599664737258,
  "images/imgH3.jpeg": 1599664737254,
  "images/imgH2.jpeg": 1599664737254,
  "images/imgH1.jpeg": 1599664737254,
  "images/imagenPrueba.png": 1599664737254,
  "css/style.css": 1599664737254,
  "index.html": 1599664737258
}