{
  "images/imgH1.jpeg": 1599705293773,
  "manifest.json": 1599711620364,
  "model/models.js": 1599705293773,
  "model/formatter.js": 1599705293773,
  "controller/home.controller.js": 1599705293769,
  "Component.js": 1599705293769,
  "manifest-bundle.zip": 1599711619053,
  "Component-preload.js": 1599711620157,
  "model/formatter-dbg.js": 1599705293773,
  "model/models-dbg.js": 1599705293773,
  "controller/home-dbg.controller.js": 1599705293769,
  "Component-dbg.js": 1599705293769,
  "resources.json": 1599711620450,
  "view/home.view.xml": 1599711544050,
  "images/imgM3.jpeg": 1599705293773,
  "images/imgM2.jpeg": 1599705293773,
  "images/imgM1.jpeg": 1599705293773,
  "images/imgH3.jpg": 1599705293773,
  "images/imgH2.jpeg": 1599705293773,
  "i18n/i18n.properties": 1599705293769,
  "images/imagenPrueba.png": 1599705293769,
  "css/style.css": 1599705293769,
  "index.html": 1599705293773
}