{
  "resources.json": 1599621918456,
  "controller/home.controller.js": 1599620722095,
  "model/models.js": 1599232520000,
  "model/formatter.js": 1599620581682,
  "manifest.json": 1599621918453,
  "Component.js": 1599591061107,
  "manifest-bundle.zip": 1599621916962,
  "Component-preload.js": 1599621918156,
  "controller/home-dbg.controller.js": 1599620722095,
  "model/formatter-dbg.js": 1599620581682,
  "model/models-dbg.js": 1599232520000,
  "Component-dbg.js": 1599591061107,
  "i18n/i18n.properties": 1599232520000,
  "view/home.view.xml": 1599621380907,
  "images/imgM3.jpeg": 1599600714987,
  "images/imgM2.jpeg": 1599600710639,
  "images/imgM1.jpeg": 1599600704339,
  "images/imgH3.jpeg": 1599600728619,
  "images/imgH2.jpeg": 1599600722367,
  "images/imgH1.jpeg": 1599600699227,
  "images/imagenPrueba.png": 1599579779550,
  "css/style.css": 1599621882127,
  "index.html": 1599232520000
}