{
  "model/models.js": 1599232520000,
  "i18n/i18n.properties": 1599232520000,
  "manifest.json": 1599497189355,
  "controller/home.controller.js": 1599232520000,
  "Component.js": 1599248633000,
  "manifest-bundle.zip": 1599497188055,
  "Component-preload.js": 1599497189154,
  "model/models-dbg.js": 1599232520000,
  "controller/home-dbg.controller.js": 1599232520000,
  "Component-dbg.js": 1599248633000,
  "resources.json": 1599497189357,
  "view/home.view.xml": 1599497019232,
  "css/style.css": 1599242607000,
  "index.html": 1599232520000
}